<?xml version="1.0" encoding="UTF-8"?>
<project-private xmlns="http://www.netbeans.org/ns/project-private/1">
    <editor-bookmarks xmlns="http://www.netbeans.org/ns/editor-bookmarks/2" lastBookmarkId="0"/>
    <open-files xmlns="http://www.netbeans.org/ns/projectui-open-files/2">
        <group>
            <file>file:/C:/Users/shada/OneDrive/Documents/NetBeansProjects/updatad%20project%20(3)%20(1)/updatad%20project%20(3)/updatad%20project/DSAPROJECT/src/Admin/deleteProduct.java</file>
            <file>file:/C:/Users/shada/OneDrive/Documents/NetBeansProjects/updatad%20project%20(3)%20(1)/updatad%20project%20(3)/updatad%20project/DSAPROJECT/src/Admin/updateProduct.java</file>
            <file>file:/C:/Users/shada/OneDrive/Documents/NetBeansProjects/updatad%20project%20(3)%20(1)/updatad%20project%20(3)/updatad%20project/DSAPROJECT/src/E_Commerce_Store/checkout.java</file>
            <file>file:/C:/Users/shada/OneDrive/Documents/NetBeansProjects/updatad%20project%20(3)%20(1)/updatad%20project%20(3)/updatad%20project/DSAPROJECT/src/Admin/addProduct.java</file>
        </group>
    </open-files>
</project-private>
